{"cameraMode":{"drawMode":0,"name":"Shaded","section":"Shading Mode"},"sceneLighting":true,"audioPlay":false,"sceneViewState":{"m_AlwaysRefresh":false,"showFog":true,"showSkybox":true,"showFlares":true,"showImageEffects":true,"showParticleSystems":true,"showVisualEffectGraphs":true,"m_FxEnabled":true},"in2DMode":false,"pivot":{"x":60.600006103515628,"y":5.970000267028809,"z":181.4600067138672},"rotation":{"x":0.0768297091126442,"y":0.1139775812625885,"z":-0.008733401075005532,"w":0.9905362725257874},"size":4.4028401374816898,"orthographic":false}